{
    "type": "minecraft:crafting_shapeless",
    "ingredients": [
        {
            "item": "minecraft:smooth_stone_slab"
        },
        {
            "item": "minecraft:honeycomb_block"
        }
    ],
    "result": {
        "type": "forge:nbt",
        "item": "trophymanager:trophy",
        "nbt": {
            "TrophyType": "entity",
            "TrophyEntity": {
                "entityType": "minecraft:wolf",
                "Sitting": true,
                "CollarColor": 13
            },
            "OffsetY": 0.0625,
            "BaseBlock": "minecraft:red_carpet",
            "Name": "Sitting Wolf Trophy"
        }
    }
}