{
    "type": "minecraft:crafting_shapeless",
    "ingredients": [
        {
            "item": "minecraft:smooth_stone_slab"
        },
        {
            "item": "minecraft:honeycomb"
        }
    ],
    "result": {
        "type": "forge:nbt",
        "item": "trophymanager:trophy",
        "nbt": {
            "TrophyType": "entity",
            "TrophyEntity": {
                "entityType": "productivebees:configurable_bee",
                "type": "productivebees:blizz"
            },
            "Scale": 4.0,
            "OffsetY": 0.7,
            "Name": "BizzBee Trophy"
        }
    },
    "conditions": [
        {
            "type": "forge:mod_loaded",
            "modid": "productivebees"
        }
    ]
}