{
    "type": "minecraft:crafting_shapeless",
    "ingredients": [
        {
            "item": "minecraft:smooth_stone_slab"
        },
        {
            "item": "minecraft:rotten_flesh"
        }
    ],
    "result": {
        "type": "forge:nbt",
        "item": "trophymanager:trophy",
        "nbt":
{
"TrophyType": "entity",
"TrophyEntity": {
"entityType": "minecraft:zombie",
"ArmorItems": [
{
"Count": 1,
"id": "diamond_boots"
}, {
"Count": 1,
"id": "diamond_leggings"
}, {
"Count": 1,
"id": "diamond_chestplate"
}, {
"Count": 1,
"id": "diamond_helmet"
}
]
},
"Name": "Zombie Trophy"
}
    }
}